"Ptime","Pload","Vtime","Vload","yDelta","del","num_th_broke"
138.32401,0.11108,138.414,0.08386,0.02722,"y","1"
138.42,0.08287,138.438,0.07571,0.00716,"n",NA
