"Ptime","Pload","Vtime","Vload"
229.764,0.07945,229.824,-0.00607
229.836,0.00297,229.86,-0.01526
