"Ptime","Pload","Vtime","Vload"
155.202,0.06593,155.34,0.00485
218.124,0.192,218.244,0.0046
232.806,0.05696,232.848,0.01032
