"Ptime","Pload","Vtime","Vload"
189.15,0.09457,189.282,0.01305
207.81,0.08338,207.936,0.02329
314.928,0.06421,314.982,0.01895
380.346,0.19774,380.406,0.00281
380.418,0.02172,380.442,-0.01487
