"Ptime","Pload","Vtime","Vload"
284.562,0.29249,284.616,0.1924
292.944,0.24621,293.01,0.13668
300.93,0.18904,301.008,0.05023
324.99,0.1921,325.062,0.0112
325.068,0.01536,325.092,-0.01554
