"Ptime","Pload","Vtime","Vload"
325.116,0.03701,325.188,0.00582
341.244,0.0283,341.352,0.00335
726.012,0.12787,726.102,0.00685
726.108,0.00977,726.132,-0.01965
