"Ptime","Pload","Vtime","Vload"
169.812,0.29155,169.878,0.20292
202.548,0.27419,202.632,0.06737
