"Ptime","Pload","Vtime","Vload"
186.906,0.05663,186.978,0.00028
241.884,0.04081,242.004,0.01211
275.82,0.06513,275.904,0.01366
