"Ptime","Pload","Vtime","Vload"
254.412,0.12498,254.538,0.00804
254.55,0.0144,254.574,-0.00043
359.316,0.11706,359.418,0.05215
395.262,0.25218,395.328,0.20599
401.976,0.24616,402.042,0.21729
422.772,0.27352,422.964,0.02679
422.97,0.03033,422.994,0.00749
