"Ptime","Pload","Vtime","Vload"
166.398,0.29374,166.482,0.13339
183.372,0.22823,183.444,-0.01246
274.65,0.35269,274.734,0.26675
278.37,0.27201,278.46,0.10584
