"","Chisq","Df","Pr(>Chisq)"
"Temp",8.68732226701592,3,0.033750353930121
"Food",0.0805647138069805,1,0.776533581985462
"Temp:Food",2.96421149258944,3,0.397176037797162
