"Ptime","Pload","Vtime","Vload","yDelta"
401.646,0.23598,401.736,0.11096,0.12502
449.172,0.16436,449.25,0.07974,0.08462
