"Ptime","Pload","Vtime","Vload","yDelta"
329.466,0.17195,329.586,0.02304,0.14891
360.12,0.10134,360.174,0.00306,0.09828
