"Ptime","Pload","Vtime","Vload","yDelta","del","num_th_broke"
50.358,0.05842,50.394,0.00736,0.05106,"b",0
102.426,0.05624,102.468,0.01417,0.04207,"0",0
