"Ptime","Pload","Vtime","Vload","yDelta"
237.942,0.10374,238.014,0.01812,0.08562
494.898,0.10541,495.036,0.03276,0.07265
