"Ptime","Pload","Vtime","Vload","yDelta"
668.1,0.167,668.16,0.08885,0.07815
675.312,0.10185,675.372,0,0.10302
