"Ptime","Pload","Vtime","Vload","yDelta"
429.678,0.28476,429.72,0.02957,0.25519
429.726,0.03266,429.75,0,0.05011
