"Ptime","Pload","Vtime","Vload","yDelta"
167.142,0.08588,167.238,0.0147,0.07118
200.94,0.0459,200.988,0,0.04634
305.658,0.13672,305.706,0,0.1434
