"Ptime","Pload","Vtime","Vload","yDelta"
46.59,0.05298,46.698,0.01398,0.039
128.442,0.09474,128.538,0.02658,0.06816
173.31,0.10362,173.418,0.02372,0.0799
