"Ptime","Pload","Vtime","Vload","yDelta"
99.924,0.0673,99.978,0.03119,0.03611
408.93,0.11661,409.026,0,0.12448
