"Ptime","Pload","Vtime","Vload","yDelta"
408.858,0.16926,408.918,0.00589,0.16337
408.936,0.02094,408.96,0,0.03125
