"Ptime","Pload","Vtime","Vload","yDelta"
113.982,0.05328,114.03,0.02052,0.03276
201.354,0.07515,201.432,0.01816,0.05699
