"Ptime","Pload","Vtime","Vload","yDelta"
371.6,0.14708,371.684,0,0.15064
586.568,0.05383,586.61,0.02367,0.03016
