"Ptime","Pload","Vtime","Vload","yDelta"
325.116,0.03701,325.188,0.00582,0.03119
726.012,0.12787,726.102,0.00685,0.12102
