"Ptime","Pload","Vtime","Vload","yDelta"
103.812,0.12936,103.92,0,0.1424
175.98,0.12479,176.028,0,0.12679
