"Ptime","Pload","Vtime","Vload","yDelta"
186.906,0.05663,186.978,0.00028,0.05635
275.82,0.06513,275.904,0.01366,0.05147
