"Ptime","Pload","Vtime","Vload","yDelta"
443.946,0.07888,444.024,0.0179,0.06098
481.2,0.13127,481.32,0.03794,0.09333
509.61,0.10254,509.736,0.00539,0.09715
