"Ptime","Pload","Vtime","Vload","yDelta"
37.8,0.03577,37.89,0.0041,0.03167
244.452,0.25398,244.518,0.22297,0.03101
289.518,0.44022,289.602,0.33381,0.10641
