"Ptime","Pload","Vtime","Vload"
251.742,0.91161,251.826,0.85436
260.814,1.01062,260.88,0.78548
261.906,0.77981,262.008,0.51425
277.2,0.57956,277.314,0.16149
301.554,0.41579,301.632,-0.01639
301.65,0.00343,301.662,-0.00786
442.26,0.23106,442.326,0.08957
462.288,0.16665,462.372,-0.00194
462.39,0.01189,462.408,-0.00141
462.456,0.01578,462.474,0.00316
