"Ptime","Pload","Vtime","Vload"
99.924,0.0673,99.978,0.03119
408.93,0.11661,409.026,-0.00787
