"Ptime","Pload","Vtime","Vload"
193.362,0.07045,193.422,0.00437
193.434,0.00958,193.458,-0.00635
