"Ptime","Pload","Vtime","Vload"
261.252,0.26926,261.306,0.14015
261.318,0.14783,261.342,0.11637
312.036,0.2751,312.096,0.11985
312.114,0.14452,312.138,0.11338
