"Ptime","Pload","Vtime","Vload"
50.358,0.05842,50.394,0.00736
102.426,0.05624,102.468,0.01417
