"Ptime","Pload","Vtime","Vload"
211.26,0.18789,211.338,0.07627
213.84,0.08658,213.918,0.00532
256.176,0.15496,256.248,0.03878
277.374,0.1055,277.434,-0.0036
277.452,0.01009,277.47,-0.00987
