"Ptime","Pload","Vtime","Vload"
48.894,0.12809,48.942,-0.00161
48.954,0.00646,48.978,-0.01778
