"Ptime","Pload","Vtime","Vload"
247.86,0.64592,247.98,0.41486
251.448,0.48068,251.58,0.35705
252.54,0.36131,252.606,0.26422
276.966,0.55267,277.098,0.18246
277.11,0.1907,277.128,0.17759
280.806,0.22013,280.908,0.0112
280.926,0.02261,280.95,-0.00407
