"Ptime","Pload","Vtime","Vload"
182.37,0.38896,182.472,0.21831
199.374,0.49484,199.446,0.31902
208.026,0.44306,208.128,0.20844
210.21,0.23636,210.294,0.07971
243.072,0.3353,243.138,-0.02283
243.156,0.01253,243.18,-0.02972
