"Ptime","Pload","Vtime","Vload"
366.816,0.09381,366.936,0.04485
447.066,0.2512,447.108,0.02305
447.126,0.04315,447.15,0.01142
