"Ptime","Pload","Vtime","Vload"
371.6,0.14708,371.684,-0.00356
586.568,0.05383,586.61,0.02367
