"Ptime","Pload","Vtime","Vload"
103.812,0.12936,103.92,-0.01304
175.98,0.12479,176.028,-0.002
176.046,0.00912,176.064,-0.01522
