"Ptime","Pload","Vtime","Vload"
139.518,0.10849,139.566,-0.00678
139.584,0.01242,139.608,-0.01324
