"Ptime","Pload","Vtime","Vload"
97.224,0.18566,97.29,0.13538
99.474,0.14246,99.606,-0.00788
99.624,0.00461,99.642,-0.01502
