"Ptime","Pload","Vtime","Vload"
197.176,0.24744,197.248,0.10463
205.342,0.16692,205.408,0.03496
278.374,0.26446,278.548,-7e-05
278.56,0.00857,278.578,-0.02918
