"Ptime","Pload","Vtime","Vload"
83.622,0.0338,83.664,0.00419
339.522,0.03182,339.564,0.00661
