"Ptime","Pload","Vtime","Vload"
169.836,0.05935,169.92,0.01467
210.504,0.07079,210.576,0.01325
