"Ptime","Pload","Vtime","Vload"
117.468,0.06212,117.612,0.02397
178.32,0.06188,178.386,0.01071
