"Ptime","Pload","Vtime","Vload"
46.59,0.05298,46.698,0.01398
128.442,0.09474,128.538,0.02658
173.31,0.10362,173.418,0.02372
173.43,0.02797,173.448,0.0111
