"Ptime","Pload","Vtime","Vload"
133.242,0.06813,133.356,0.01839
308.712,0.12803,308.952,0.0415
369.006,0.07239,369.096,0.00931
394.518,0.01046,394.542,-0.00456
