"Ptime","Pload","Vtime","Vload"
142.98,0.114,143.088,0.07786
197.568,0.25413,197.676,0.17985
231.006,0.31783,231.21,-0.01914
231.228,0.00954,231.246,-0.02987
