"","Chisq","Df","Pr(>Chisq)"
"Temp",3.27723145091313,3,0.350824195499022
"Food",0.11731873287614,1,0.731960932697221
"Temp:Food",0.919507553456084,3,0.820717817369173
