"","Chisq","Df","Pr(>Chisq)"
"Temp",0.929318047966552,3,0.818347539645498
"Food",3.80824923092713,1,0.0510007331047427
"Temp:Food",7.10854022254248,3,0.0685175239238884
