"","Chisq","Df","Pr(>Chisq)"
"species",2.71209943953914,1,0.0995898476814488
"Temp",2.60518566571462,3,0.456581157902256
"Food",3.60109213667075,1,0.0577416261517901
"species:Temp",0.345979358012435,3,0.951161219104055
"species:Food",4.71483400410264,1,0.0299034525692279
"Temp:Food",8.47934389283983,3,0.0370773826294418
"species:Temp:Food",5.65296346360555,3,0.12977063600517
