"","Chisq","Df","Pr(>Chisq)"
"Temp",9.01007690758263,3,0.0291572081394452
"Food",0.159706113160292,1,0.689427235402802
"Temp:Food",1.62779981334884,3,0.653102954441166
