"","Chisq","Df","Pr(>Chisq)"
"Temp",1.01863067170378,3,0.79674400896301
"Food",0.288785639324327,1,0.590999774019253
"Temp:Food",1.72413865049424,3,0.631580622976334
