"","Chisq","Df","Pr(>Chisq)"
"species",2.15739615834147,1,0.141884945846399
"Temp",3.20022506561679,3,0.361772600537444
"Food",0.270541090698157,1,0.602969034890666
"species:Temp",1.06303690679504,3,0.786003766941338
"species:Food",0.0001077457839117,1,0.991718053794525
"Temp:Food",4.23456540317506,3,0.237223937357762
"species:Temp:Food",4.54124664396492,3,0.208640556183496
