"","Chisq","Df","Pr(>Chisq)"
"Temp",2.03752313476043,3,0.564655277055993
"Food",0.0940979885514542,1,0.759030658567782
"Temp:Food",8.23274731806876,3,0.0414386282361868
