"","Chisq","Df","Pr(>Chisq)"
"Temp",1.88571564472913,3,0.596462168483985
"Food",0.19949176206762,1,0.655131394130216
"Temp:Food",0.632533260931434,3,0.888945887151523
