"Ptime","Pload","Vtime","Vload","yDelta"
330.12,0.07427,330.12,0.0404,0.03387
361.776,0.08506,361.776,0.04986,0.0352
372.798,0.0706,372.798,0.00795,0.06265
