"Ptime","Pload","Vtime","Vload","yDelta"
344.388,0.04162,344.388,0.00914,0.03248
367.518,0.0651,367.518,0.01068,0.05442
