"Ptime","Pload","Vtime","Vload","yDelta"
281.52,0.43817,281.52,0.31436,0.12381
282.63,0.18632,282.63,0.13658,0.04974
306.882,0.28923,306.882,0.18484,0.10439
