"Ptime","Pload","Vtime","Vload","yDelta"
20.262,0.11752,20.262,0.04629,0.07123
38.622,0.16595,38.622,0.00866,0.15729
