"Ptime","Pload","Vtime","Vload","yDelta"
150.57,0.1592,150.624,0.12065,0.03855
175.434,0.26312,175.434,0.00995,0.25317
