"Ptime","Pload","Vtime","Vload","yDelta"
235.422,0.15773,235.422,0.01613,0.1416
388.908,0.05453,388.908,0.00784,0.04669
