"Ptime","Pload","Vtime","Vload","yDelta"
46.62,0.05168,46.668,0.01847,0.03321
128.538,0.09443,128.538,0.02658,0.06785
