"Ptime","Pload","Vtime","Vload","yDelta"
183.924,0.04578,183.924,0.01251,0.03327
253.224,0.09431,253.224,0.00391,0.0904
