"Ptime","Pload","Vtime","Vload","yDelta"
316.356,0.0688,316.41,0.03247,0.03633
377.868,0.22975,377.868,0.10697,0.12278
