"Ptime","Pload","Vtime","Vload","yDelta"
167.238,0.0839,167.238,0.0147,0.0692
200.988,0.04574,200.988,-0.00044,0.04618
