"Ptime","Pload","Vtime","Vload","yDelta"
171.68,0.18845,171.68,0.14562,0.04283
243.576,0.38793,243.576,0.02359,0.36434
