"Ptime","Pload","Vtime","Vload","yDelta"
169.026,0.1125,169.098,0.03874,0.07376
231.408,0.20231,231.408,0.16758,0.03473
283.92,0.14323,283.92,0.08333,0.0599
