"Ptime","Pload","Vtime","Vload","yDelta"
132.318,0.04891,132.372,0.01608,0.03283
202.362,0.28557,202.362,0.19125,0.09432
202.722,0.19362,202.722,0.07914,0.11448
