"Ptime","Pload","Vtime","Vload","yDelta"
80.676,0.25035,80.676,0.1992,0.05115
87.846,0.23935,87.846,0.13578,0.10357
101.382,0.05576,101.382,0.01306,0.0427
