"Ptime","Pload","Vtime","Vload","yDelta"
314.604,0.27655,314.604,0.17432,0.10223
335.994,0.08198,335.994,0.04289,0.03909
352.956,0.126,352.956,0.03137,0.09463
