"Ptime","Pload","Vtime","Vload","yDelta"
65.94,0.29037,65.982,0.02046,0.26991
66.018,0.02603,66.018,-0.02372,0.04975
106.134,0.12711,106.134,0.05768,0.06943
