"Ptime","Pload","Vtime","Vload","yDelta"
113.994,0.05217,114.03,0.02052,0.03165
201.432,0.07514,201.432,0.01816,0.05698
