"Ptime","Pload","Vtime","Vload","yDelta"
94.302,0.0816,94.332,0.05012,0.03148
115.08,0.16973,115.08,0.00583,0.1639
131.028,0.10275,131.028,0.02023,0.08252
