"Ptime","Pload","Vtime","Vload","yDelta"
443.958,0.07868,444.024,0.0179,0.06078
481.32,0.12902,481.32,0.03794,0.09108
