"Ptime","Pload","Vtime","Vload","yDelta"
193.026,0.16197,193.062,0.11282,0.04915
218.334,0.19265,218.334,0.14469,0.04796
