"Ptime","Pload","Vtime","Vload","yDelta"
135.648,0.09115,135.648,0.00704,0.08411
168.714,0.07355,168.714,0.00394,0.06961
208.398,0.07755,208.398,0.02291,0.05464
