"Ptime","Pload","Vtime","Vload","yDelta"
65.292,0.03378,65.292,-0.00791,0.04169
217.728,0.10325,217.728,0.00494,0.09831
262.278,0.13277,262.278,0.07737,0.0554
