"Ptime","Pload","Vtime","Vload","yDelta"
190.398,0.4649,190.398,0.37918,0.08572
198.762,0.39098,198.762,0.29823,0.09275
