"Ptime","Pload","Vtime","Vload","yDelta"
284.616,0.29249,284.616,0.1924,0.10009
293.01,0.2462,293.01,0.13668,0.10952
301.008,0.1889,301.008,0.05023,0.13867
