"Ptime","Pload","Vtime","Vload","yDelta"
288.822,0.07016,288.822,0.03344,0.03672
343.53,0.19521,343.53,0.05865,0.13656
