"Ptime","Pload","Vtime","Vload","yDelta"
197.248,0.24592,197.248,0.10463,0.14129
205.408,0.16692,205.408,0.03496,0.13196
