"Ptime","Pload","Vtime","Vload","yDelta"
155.268,0.06418,155.34,0.00485,0.05933
219.444,0.04373,219.444,0.00683,0.0369
