"Ptime","Pload","Vtime","Vload","yDelta"
215.388,0.20468,215.388,0.17426,0.03042
300.432,0.2154,300.432,0.1484,0.067
376.572,0.2678,376.572,0.19082,0.07698
