"Ptime","Pload","Vtime","Vload","yDelta"
211.272,0.18735,211.338,0.07627,0.11108
213.918,0.08618,213.918,0.00532,0.08086
256.536,0.09164,256.536,0.06079,0.03085
