"Ptime","Pload","Vtime","Vload","yDelta"
143.082,0.11163,143.082,0.07856,0.03307
197.676,0.25315,197.676,0.17985,0.0733
