"Ptime","Pload","Vtime","Vload","yDelta","del","num_th_broke"
97.3961631887381,0.00212398688461508,99.1301838238241,-0.000187271021893712,0.00231125790650879,"y",1
236.745524655481,0.00259472979581366,237.628167613978,0.00127402015408172,0.00132070964173194,"y",1
283.191303441586,0.00812730581454076,283.78534379785,0.0018542396523942,0.00627306616214656,"y",1
296.543983838254,0.00312300082572411,296.834991462173,4.99603171421927e-05,0.00307304050858192,"y",1
310.892343212628,0.00360432583233792,312.667249216364,0.000861318432887871,0.00274300739945005,"y",1
