"Ptime","Pload","Vtime","Vload","yDelta","del","num_th_broke"
262.886956521739,0.052,263.505314009662,0.034,0.018,"y",1
276.410950080515,0.0518666666666667,274.901127214171,0.0237333333333333,0.0281333333333333,"y",1
341.856360708535,0.0386666666666667,341.650241545894,0.028,0.0106666666666667,"y",1
427.053140096618,0.0476,427.854428341385,0.0390666666666667,0.00853333333333334,"y",1
