"Ptime","Pload","Vtime","Vload","yDelta","del","num_th_broke"
64.9874055415617,0.00458109892965147,64.9874055415617,0.00286190122191508,0.00171919770773639,"y",1
75.5667506297229,0.00540150700453978,75.8690176322418,0.00136150065317964,0.00404000635136013,"y",1
102.166246851385,0.00751705123671086,103.073047858942,0.00502453934595425,0.0024925118907566,"y",1
102.770780856423,0.00511039096952069,103.073047858942,0.0034772614089915,0.00163312956052918,"y",1
125.44080604534,0.0125110607493161,126.045340050378,0.00885798214401709,0.00365307860529905,"y",1
126.045340050378,0.00885798214401709,126.045340050378,-0.000726545076613284,0.00958452722063037,"y",1
