"Ptime","Pload","Vtime","Vload","yDelta","del","num_th_broke"
161.357702349869,0.005786046851321,161.879895561358,0.00100290310211981,0.00478314374920119,"y",1
220.365535248042,0.003808285709069,220.88772845953,-0.000387445452719607,0.0041957311617886,"y",1
