"Ptime","Pload","Vtime","Vload","yDelta","del","num_th_broke"
85.821047838852,0.00197032640949555,86.3234578368109,0.00116320474777448,0.000807121661721069,"y",1
111.137016626631,0.00752522255192878,111.710078030553,0.000854599406528191,0.00667062314540059,"y",1
