"Ptime","Pload","Vtime","Vload","yDelta","del","num_th_broke"
96.629213483146,0.0815503875968992,98.876404494382,0.0610852713178295,0.0204651162790698,"y",1
103.370786516854,0.0672868217054264,101.123595505618,0.0313178294573643,0.035968992248062,"y",1
116.85393258427,0.0477519379844961,119.101123595506,0.0226356589147287,0.0251162790697674,"y",1
155.056179775281,0.0446511627906977,155.056179775281,0.0310077519379845,0.0136434108527132,"y",1
157.303370786517,0.0341085271317829,157.303370786517,0.00930232558139532,0.0248062015503876,"y",1
191.011235955056,0.0241860465116279,193.258426966292,0.0155038759689922,0.00868217054263569,"y",1
238.202247191011,0.0322480620155039,235.955056179775,0.0127131782945736,0.0195348837209302,"y",1
406.741573033708,0.116589147286822,408.988764044944,0.000620155038759673,0.115968992248062,"y",1
