"Ptime","Pload","Vtime","Vload","yDelta","del","num_th_broke"
331.666090301032,0.0250675191254987,333.039246282442,0.0165504938469454,0.00851702527855329,"y",1
270.845739252187,0.0210783660455976,270.973945461753,0.017482181867256,0.00359618417834158,"y",1
380.654357745932,0.0309466172960298,385.263033595088,0.0216732597272244,0.0092733575688054,"y",1
431.788392277263,0.0366369486922123,434.210814868546,0.0286879950067055,0.00794895368550679,"y",1
439.305324775007,0.0357869921305004,439.608971060822,0.0272697138133756,0.0085172783171248,"y",1
