"Ptime","Pload","Vtime","Vload","yDelta","del","num_th_broke"
72.2449834527251,0.0245412844036697,73.8435758870596,0.00160550458715596,0.0229357798165138,"y",1
183.529806040803,0.02217125382263,184.942398726488,0.0077217125382263,0.0144495412844037,"y",1
