"","Chisq","Df","Pr(>Chisq)"
"Temp",4.59765011625013,3,0.203743759308988
"Food",1.23541416348599,1,0.266356690213884
"Temp:Food",0.631756010726285,3,0.889125613049988
