"","Chisq","Df","Pr(>Chisq)"
"species",2.24656112929184,1,0.133911701143089
"Temp",10.7972246322271,3,0.0128744458481254
"Food",1.65321966227,1,0.198521283753858
"species:Temp",1.42511219037797,3,0.699658995702543
"species:Food",0.0362465707507194,1,0.849007198838962
"Temp:Food",6.66658786814958,3,0.0833192011306175
"species:Temp:Food",4.66289054495415,3,0.198212937606953
