"","Chisq","Df","Pr(>Chisq)"
"Temp",5.83792218988038,3,0.119767509111772
"Food",0.423943835932029,1,0.514975678086275
"Temp:Food",9.66983172892727,3,0.0215916104369116
