"","Chisq","Df","Pr(>Chisq)"
"species",26.3120768619662,1,2.90466654341666e-07
"Temp",6.00958096756161,3,0.111145019483566
"Food",0.231048961792775,1,0.630747127635261
"species:Temp",4.78426030008431,3,0.18829366026418
"species:Food",1.0984535003909,1,0.294605746968056
"Temp:Food",2.36327630409928,3,0.500507333773497
"species:Temp:Food",5.41496785591141,3,0.143813869062668
