"","Sum Sq","Df","F value","Pr(>F)"
"Temp",23.9013644062262,3,2.62496694071544,0.0546099053004531
"Food",0.465071477300796,1,0.153229401330696,0.69630099398418
"Temp:Food",7.93450948977988,3,0.871407370201828,0.458637711678401
"Residuals",303.513211734796,100,NA,NA
