"","Chisq","Df","Pr(>Chisq)"
"species",2.62648318898849,1,0.105094260665547
"Temp",2.12879031174421,3,0.546110281357283
"Food",2.75433978665111,1,0.0969908469497201
"species:Temp",0.37965099730325,3,0.944413288627185
"species:Food",4.29040085868464,1,0.0383281278569446
"Temp:Food",6.5289511380056,3,0.0885277085598754
"species:Temp:Food",5.23315410955615,3,0.155499205487077
