"","Chisq","Df","Pr(>Chisq)"
"Temp",9.01007690695366,3,0.0291572081477704
"Food",0.159706113135611,1,0.68942723542555
"Temp:Food",1.62779981323023,3,0.653102954467918
