"","Chisq","Df","Pr(>Chisq)"
"species",2.71209943953913,1,0.09958984768145
"Temp",2.60518566571463,3,0.456581157902255
"Food",3.60109213667087,1,0.0577416261517859
"species:Temp",0.345979358012435,3,0.951161219104054
"species:Food",4.71483400410277,1,0.0299034525692255
"Temp:Food",8.47934389283965,3,0.0370773826294448
"species:Temp:Food",5.65296346360536,3,0.12977063600518
