"","Chisq","Df","Pr(>Chisq)"
"species",8.56057333985061,1,0.00343521219221936
"Temp",9.9567333279612,3,0.0189375211675072
"Food",0.164539637787422,1,0.685010912785686
"species:Temp",4.84371719167486,3,0.183605212457586
"species:Food",0.000163663463128718,1,0.989792859717302
"Temp:Food",3.05614141703862,3,0.38305001042606
"species:Temp:Food",0.826559240071976,3,0.8431044315351
