"","Chisq","Df","Pr(>Chisq)"
"Temp",1.43449705066521,3,0.6974687252556
"Food",5.80902166092884,1,0.0159441619122916
"Temp:Food",9.89261847176426,3,0.0195013218224697
