"","Chisq","Df","Pr(>Chisq)"
"Temp",5.18071575813364,3,0.15903254865139
"Food",1.17864012019569,1,0.277633014002242
"Temp:Food",0.157389741657121,3,0.984155818229325
