"","Chisq","Df","Pr(>Chisq)"
"Temp",8.9550525461286,3,0.0298944951543534
"Food",0.0317575748852818,1,0.858560764975164
"Temp:Food",8.22963826843635,3,0.0414966897474281
