"","Chisq","Df","Pr(>Chisq)"
"Temp",8.68732226701593,3,0.0337503539301209
"Food",0.0805647138069532,1,0.776533581985499
"Temp:Food",2.9642114925892,3,0.397176037797198
