"","Chisq","Df","Pr(>Chisq)"
"Temp",3.6754845313217,3,0.298705346261955
"Food",0.646368248308389,1,0.421414125973635
"Temp:Food",0.787539120877416,3,0.852445130925125
