"","Chisq","Df","Pr(>Chisq)"
"Temp",1.43449707891158,3,0.697468718668028
"Food",5.80902176068612,1,0.0159441610078299
"Temp:Food",9.89261859711973,3,0.0195013207041804
