"","Chisq","Df","Pr(>Chisq)"
"species",21.6658291630923,1,3.24520925049017e-06
"Temp",7.95615316694391,3,0.046926632721417
"Food",0.358708296013792,1,0.549224491392756
"species:Temp",1.36727909677236,3,0.713222293258449
"species:Food",0.332027198466115,1,0.564467831345575
"Temp:Food",2.68318644581641,3,0.443092147848837
"species:Temp:Food",1.75593242001187,3,0.62457115530779
