"","Chisq","Df","Pr(>Chisq)"
"species",8.56057333981783,1,0.00343521219228121
"Temp",9.95673332764341,3,0.0189375211702616
"Food",0.16453963778001,1,0.6850109127924
"species:Temp",4.84371719169602,3,0.183605212455937
"species:Food",0.000163663463084276,1,0.989792859718687
"Temp:Food",3.05614141695539,3,0.383050010438653
"species:Temp:Food",0.826559240078239,3,0.843104431533598
