"","Chisq","Df","Pr(>Chisq)"
"Temp",8.57937331315416,3,0.0354390452284317
"Food",0.0608180219731597,1,0.80520766391907
"Temp:Food",4.67192900313107,3,0.197457797697199
