"","Chisq","Df","Pr(>Chisq)"
"species",0.7883818212998,1,0.374589876101
"Temp",1.90824053603609,3,0.591668371848309
"Food",0.000890516277003949,1,0.976193445847664
"species:Temp",1.45165152472826,3,0.693473225903234
"species:Food",1.63374721014699,1,0.20118553918139
"Temp:Food",3.29949142793519,3,0.34771343476719
"species:Temp:Food",2.40548721617722,3,0.492613996528966
