"","Chisq","Df","Pr(>Chisq)"
"Temp",0.253171167498585,3,0.968580852833757
"Food",1.01147385171351,1,0.314550008517024
"Temp:Food",0.272947068666313,3,0.965033427950624
