"","Chisq","Df","Pr(>Chisq)"
"Temp",1.81842703189293,3,0.610933240543981
"Food",0.419486065373061,1,0.517193599087454
"Temp:Food",3.89197586408486,3,0.273367528986434
