"Ptime","Pload","Vtime","Vload","yDelta"
362.262,0.18525,362.43,0.00394,0.18131
426.588,0.12713,426.654,-0.00249,0.12962
