"Ptime","Pload","Vtime","Vload","yDelta"
197.568,0.25413,197.676,0.17985,0.07428
231.006,0.31783,231.21,-0.01914,0.33697
