"Ptime","Pload","Vtime","Vload","yDelta"
350.934,0.25015,351.018,0.18171,0.06844
358.17,0.2354,358.236,0.00788,0.22752
