"Ptime","Pload","Vtime","Vload","yDelta"
133.242,0.06813,133.356,0.01839,0.04974
308.712,0.12803,308.952,0.0415,0.08653
369.006,0.07239,369.096,0.00931,0.06308
