"Ptime","Pload","Vtime","Vload","yDelta"
500.712,0.14787,500.886,0.06986,0.07801
609.648,0.16484,609.69,0.01609,0.14875
