"Ptime","Pload","Vtime","Vload","yDelta"
278.478,0.22091,278.526,-0.0062,0.22711
412.056,0.10518,412.152,0.03331,0.07187
