"Ptime","Pload","Vtime","Vload","yDelta"
366.816,0.09381,366.936,0.04485,0.04896
447.066,0.2512,447.108,0.02305,0.22815
