"Ptime","Pload","Vtime","Vload","yDelta"
235.368,0.15777,235.452,-0.00574,0.16351
388.584,0.08377,388.656,0.01725,0.06652
636.768,0.08447,636.81,-3e-05,0.0845
