"Ptime","Pload","Vtime","Vload","yDelta"
209.142,0.17414,209.238,-0.00778,0.18192
278.94,0.28781,279.048,0.0079,0.27991
324.516,0.21241,324.606,0.01982,0.19259
337.926,0.05538,338.034,0.01127,0.04411
441.828,0.09485,441.882,0.00886,0.08599
