"Ptime","Pload","Vtime","Vload","yDelta"
377.73,0.23762,377.868,0.10697,0.13065
384.012,0.11813,384.168,0.01086,0.10727
