"Ptime","Pload","Vtime","Vload","yDelta"
261.252,0.26926,261.306,0.14015,0.12911
312.036,0.2751,312.096,0.11985,0.15525
