"Ptime","Pload","Vtime","Vload","yDelta"
175.326,0.26425,175.434,0.00995,0.2543
203.172,0.1443,203.292,0.03303,0.11127
