"Ptime","Pload","Vtime","Vload","yDelta"
39.468,0.16,39.546,-0.00563,0.16563
98.466,0.08437,98.55,0.0037,0.08067
