"Ptime","Pload","Vtime","Vload","yDelta"
115.002,0.17078,115.086,0.00542,0.16536
130.98,0.10319,131.028,0.02023,0.08296
165.024,0.09019,165.144,-0.00214,0.09233
