"Ptime","Pload","Vtime","Vload","yDelta"
128.442,0.09474,128.538,0.02658,0.06816
173.31,0.10362,173.418,0.02372,0.0799
