"Ptime","Pload","Vtime","Vload","yDelta"
343.434,0.19577,343.536,0.0585,0.13727
382.53,0.1368,382.578,0.01378,0.12302
