"Ptime","Pload","Vtime","Vload","yDelta"
65.238,0.03409,65.292,-0.00791,0.042
313.734,0.23069,313.836,-0.03142,0.26211
