"Ptime","Pload","Vtime","Vload","yDelta"
193.332,0.06592,193.392,0.01275,0.05317
282.03,0.09944,282.144,0.03847,0.06097
