"Ptime","Pload","Vtime","Vload","yDelta"
202.302,0.28588,202.362,0.19125,0.09463
202.668,0.19362,202.722,0.07914,0.11448
