"","Chisq","Df","Pr(>Chisq)"
"species",7.72391241054332,1,0.0054494176729667
"Temp",6.13797117225704,3,0.105087209836357
"Food",0.129364586573737,1,0.719091769035577
"species:Temp",4.75710050701344,3,0.190472314890178
"species:Food",0.00149274495491285,1,0.969180553853774
"Temp:Food",1.88552293898956,3,0.596503290528171
"species:Temp:Food",0.988662113237985,3,0.80399536401953
