"","Chisq","Df","Pr(>Chisq)"
"Temp",3.27723134494591,3,0.350824210364998
"Food",0.117318722931511,1,0.731960943620161
"Temp:Food",0.919507527484182,3,0.820717823642862
