"","Chisq","Df","Pr(>Chisq)"
"Temp",0.905449488417579,3,0.824112526797227
"Food",0.256698347196041,1,0.612397562402753
"Temp:Food",1.53256769300562,3,0.67477437752568
