"","Chisq","Df","Pr(>Chisq)"
"species",18.5407779783194,1,1.6630790158176e-05
"Temp",5.22182336920181,3,0.156256352977163
"Food",0.0609279253767565,1,0.805035282442261
"species:Temp",1.20779437129958,3,0.751135512918308
"species:Food",0.246965459508219,1,0.619219942439481
"Temp:Food",2.41662764580879,3,0.490546897354826
"species:Temp:Food",1.20579162526301,3,0.751615578470096
