"","Chisq","Df","Pr(>Chisq)"
"species",2.62648315155422,1,0.105094263143874
"Temp",2.12879037438029,3,0.546110268781352
"Food",2.7543399139988,1,0.0969908392265592
"species:Temp",0.379650979940952,3,0.944413292157141
"species:Food",4.29040086533074,1,0.0383281277071212
"Temp:Food",6.52895142921649,3,0.0885276972151067
"species:Temp:Food",5.23315409403481,3,0.155499206521876
