"","Chisq","Df","Pr(>Chisq)"
"Temp",6.37102668650819,3,0.0948900468224281
"Food",0.066977281140186,1,0.795789794693993
"Temp:Food",2.1223067016513,3,0.547413164428076
