"","Chisq","Df","Pr(>Chisq)"
"Temp",5.0171152418952,3,0.17054816362028
"Food",0.00264854845405145,1,0.958955747726013
"Temp:Food",3.4169107787019,3,0.331699477021243
