"","Chisq","Df","Pr(>Chisq)"
"Temp",0.929317931282974,3,0.818347567842513
"Food",3.80824872961668,1,0.0510007483699741
"Temp:Food",7.10853952459558,3,0.0685175451574492
