"Ptime","Pload","Vtime","Vload"
513.462,0.03256,513.54,0.02853
513.594,0.02925,513.696,0.01459
514.092,0.01161,514.152,0.00785
