"Ptime","Pload","Vtime","Vload"
266.058,0.0332,266.142,0.02098
266.148,0.02106,266.178,0.01882
