"Ptime","Pload","Vtime","Vload"
90.942,0.00806,90.978,0.00208
91.188,0.00333,91.242,0.00054
91.29,0.00346,91.314,0.0012
115.404,0.01922,115.494,0.01103
