"Ptime","Pload","Vtime","Vload"
269.328,0.01224,269.394,0.00385
269.442,0.00565,269.466,0.00323
