"Ptime","Pload","Vtime","Vload"
271.916,0.02088,271.982,0.01721
333.242,0.02453,333.338,0.01604
364.622,0.02629,364.7,0.0229
385.148,0.02892,385.232,0.0208
433.976,0.03683,434.066,0.02939
440.684,0.03574,440.798,0.02791
