"Ptime","Pload","Vtime","Vload"
420.564,0.01297,420.588,0.00334
464.454,0.01384,464.49,0.00183
