"Ptime","Pload","Vtime","Vload"
227.166,0.4472,227.208,0.43057
247.896,0.64491,247.98,0.41486
251.508,0.4734,251.58,0.35705
252.552,0.36073,252.6,0.26488
276.978,0.55258,277.098,0.18246
277.11,0.1907,277.128,0.17759
277.206,0.1903,277.218,0.18346
277.266,0.19073,277.278,0.18547
280.854,0.21746,280.908,0.0112
280.926,0.02261,280.944,-0.00356
281.196,0.02589,281.214,0.01708
