"Ptime","Pload","Vtime","Vload"
138.498,0.04353,138.666,0.0365
182.316,0.04573,182.484,0.03818
182.724,0.03838,182.814,0.02888
182.82,0.02911,182.85,0.0255
