"Ptime","Pload","Vtime","Vload"
161.328,0.00658,161.388,0.0029
220.38,0.00449,220.44,0.00166
