"Ptime","Pload","Vtime","Vload"
248.616,0.01245,248.652,0.00965
429.39,0.00647,429.456,0.00415
