"Ptime","Pload","Vtime","Vload"
398.86801,0.01968,398.90399,0.00456
399.14401,0.00957,399.168,0.00404
