"Ptime","Pload","Vtime","Vload"
224.064,0.00829,224.16,0.00473
278.634,0.00681,278.676,0.00323
