"Ptime","Pload","Vtime","Vload"
284.436,0.00819,284.496,0.0026
296.964,0.00304,297.006,-0.00047
