"Ptime","Pload","Vtime","Vload"
29.592,0.04137,29.628,0.01809
29.646,0.02207,29.67,0.01273
120.048,0.45232,120.138,0.19688
120.648,0.19674,120.666,0.18869
120.894,0.23641,120.93,0.21224
120.936,0.21154,120.972,0.19451
121.344,0.22745,121.38,0.20641
123.582,0.2763,123.654,0.24501
123.954,0.28443,124.038,0.24721
124.32,0.28891,124.41,0.25286
125.766,0.32328,125.838,0.28842
126.12,0.33431,126.198,0.29208
126.468,0.34062,126.564,0.29874
