"Ptime","Pload","Vtime","Vload"
182.196,0.04576,182.226,0.03292
235.368,0.15777,235.422,0.01613
235.428,0.01586,235.452,-0.00574
235.554,0.01859,235.578,0.00062
388.62,0.08203,388.656,0.01725
388.74,0.03813,388.77,0.02062
551.346,0.01957,551.376,0.00954
636.768,0.08447,636.81,-3e-05
636.828,0.00728,636.846,-0.0095
