"Ptime","Pload","Vtime","Vload"
75.72,0.00529,75.774,0.00062
102.708,0.00672,102.81,0.00097
125.646,0.0089,125.784,-0.00016
