"Ptime","Pload","Vtime","Vload"
157.608,0.01779,157.632,0.01111
184.344,0.02955,184.362,0.02415
184.38,0.0214,184.392,0.01816
184.41,0.01742,184.44,0.00652
184.458,0.00833,184.476,0.00441
184.794,0.01927,184.806,0.01603
469.98,0.01505,470.004,0.00776
