"Ptime","Pload","Vtime","Vload"
316.332,0.01357,316.374,0.01104
316.386,0.01122,316.476,0.00231
