"Ptime","Pload","Vtime","Vload"
842.892,0.02582,842.928,0.00935
842.946,0.00926,842.964,0.00578
842.988,0.00908,843,0.00701
