"Ptime","Pload","Vtime","Vload"
98.172,0.01861,98.328,0.01012
105.984,0.01323,106.086,0.00141
