"Ptime","Pload","Vtime","Vload"
450.24,0.06096,450.276,0.03057
450.288,0.03105,450.306,0.02586
450.324,0.03045,450.342,0.02729
470.862,0.03578,470.886,0.02834
