"Ptime","Pload","Vtime","Vload"
27.756,0.09201,27.804,-0.01333
28.446,-0.00065,28.47,-0.00673
