"Ptime","Pload","Vtime","Vload"
225.636,0.01141,225.68401,0.00848
