"Ptime","Pload","Vtime","Vload"
255.264,0.03461,255.282,0.02976
259.884,0.02411,259.908,0.01312
259.926,0.01169,259.944,0.0078
