"Ptime","Pload","Vtime","Vload"
121.848,0.17711,121.908,0.1291
166.422,0.29304,166.476,0.13404
166.494,0.14022,166.512,0.12874
183.372,0.22823,183.444,-0.01246
183.636,0.02965,183.69,0.00437
274.686,0.35253,274.734,0.26675
274.74,0.2672,274.752,0.26251
278.394,0.27121,278.46,0.10584
278.466,0.10834,278.484,0.09802
278.634,0.13012,278.658,0.12117
