"Ptime","Pload","Vtime","Vload"
175.818,0.03223,175.908,0.02668
181.32,0.03145,181.428,0.01379
181.488,0.0169,181.518,0.01383
181.524,0.01404,181.554,0.0096
213.534,0.04296,213.66,0.02463
213.708,0.02858,213.774,0.02406
273.336,0.07524,273.39,0.07121
300.93,0.12798,301.026,0.12028
301.05,0.12091,301.2,0.11485
301.38,0.11495,301.464,0.10577
