"Ptime","Pload","Vtime","Vload"
140.28,0.02792,140.346,0.02192
140.388,0.02488,140.472,0.01956
