"Ptime","Pload","Vtime","Vload"
191.034,1.47865,191.106,-0.10661
191.12399,0.00814,191.142,-0.0584
191.202,0.02971,191.22,-6e-04
191.23801,0.02002,191.256,0.00439
191.274,0.01577,191.286,0.00752
191.304,0.01406,191.32201,0.00825
191.34,0.01013,191.35201,0.00717
