"Ptime","Pload","Vtime","Vload"
262.458,0.00684,262.488,0.00384
264.204,0.0104,264.234,0.0063
265.368,0.01407,265.398,0.01179
265.404,0.01194,265.44,0.00929
265.452,0.0097,265.518,0.0046
266.004,0.01157,266.064,0.00712
266.1,0.00927,266.154,0.00409
266.82,0.00619,266.898,0.00104
