"Ptime","Pload","Vtime","Vload"
111.288,0.00811,111.354,0.00348
111.402,0.00382,111.438,0.00091
