"Ptime","Pload","Vtime","Vload"
222.96,0.07321,223.026,0.03883
233.868,0.06197,233.898,0.04464
352.338,0.14731,352.386,0.04343
352.392,0.04585,352.416,0.0263
383.982,0.03712,384.012,0.01839
775.002,0.04154,775.038,0.02349
811.254,0.04008,811.278,0.03173
812.004,0.03557,812.04,0.01858
