"Ptime","Pload","Vtime","Vload"
262.086,0.12183,262.134,-0.01575
262.98,0.00638,262.998,0.00331
