"Ptime","Pload","Vtime","Vload"
150.564,0.1594,150.624,0.12065
175.362,0.26346,175.434,0.00995
175.446,0.0231,175.464,0.00817
175.512,0.02754,175.53,0.01907
175.548,0.02942,175.56,0.02385
175.614,0.03476,175.632,0.02694
203.232,0.14246,203.292,0.03303
206.442,0.05744,206.478,0.04515
