"Ptime","Pload","Vtime","Vload"
139.518,0.10849,139.566,-0.00678
139.584,0.01242,139.608,-0.01324
140.25,0.00282,140.268,-0.00065
140.292,0.00336,140.31,1e-04
140.52,0.00356,140.538,0.00028
