"","Chisq","Df","Pr(>Chisq)"
"Temp",2.09517610045692,3,0.552889287391108
"Food",0.319943475933398,1,0.571641615823818
"Temp:Food",2.84755487690998,3,0.415731248709822
