"","Chisq","Df","Pr(>Chisq)"
"species",13.2295186308002,1,0.000275574574503316
"Temp",2.48161927653178,3,0.478622052029438
"Food",1.21949235398474,1,0.269460300754462
"species:Temp",1.42556882726577,3,0.699552352884782
"species:Food",0.213249693353698,1,0.644232164067009
"Temp:Food",0.886327630628626,3,0.828725950223685
"species:Temp:Food",4.59108676657312,3,0.204308038699529
