"","Chisq","Df","Pr(>Chisq)"
"Temp",2.14802234373439,3,0.542258771069472
"Food",1.47752367193861,1,0.22416236907203
"Temp:Food",1.79888608467144,3,0.615177366252912
