"","Chisq","Df","Pr(>Chisq)"
"Temp",5.01711623693489,3,0.170548091255926
"Food",0.0026485439399905,1,0.958955782672103
"Temp:Food",3.416911383492,3,0.331699396231029
