"","Chisq","Df","Pr(>Chisq)"
"Temp",5.75672078910774,3,0.124065184047338
"Food",0.0774933484989892,1,0.780723532556257
"Temp:Food",1.01333230189344,3,0.798025977621485
