"","Chisq","Df","Pr(>Chisq)"
"species",18.5407933917678,1,1.66306556758057e-05
"Temp",5.22178140515223,3,0.156259163568429
"Food",0.0609278819434975,1,0.80503535053394
"species:Temp",1.20779357915251,3,0.751135702782554
"species:Food",0.246965182912593,1,0.619220138689429
"Temp:Food",2.41660801082135,3,0.490550534685516
"species:Temp:Food",1.20579048051599,3,0.75161585289367
