"","Chisq","Df","Pr(>Chisq)"
"species",2.62648316525548,1,0.105094262236786
"Temp",2.12879035145498,3,0.546110273384245
"Food",2.75433986738847,1,0.0969908420533008
"species:Temp",0.379650986295704,3,0.944413290865146
"species:Food",4.29040086289821,1,0.0383281277619578
"Temp:Food",6.52895132263086,3,0.0885277013673873
"species:Temp:Food",5.23315409971575,3,0.155499206143131
