"Ptime","Pload","Vtime","Vload","yDelta"
97.224,0.18566,97.29,0.13538,0.05028
99.474,0.14246,99.606,0,0.15034
