"Ptime","Pload","Vtime","Vload","yDelta"
233.514,0.10749,233.682,0.02626,0.08123
233.688,0.0266,233.718,0.00498,0.02162
