"Ptime","Pload","Vtime","Vload","yDelta"
139.518,0.10849,139.566,0,0.11527
139.584,0.01242,139.608,0,0.02566
