"Ptime","Pload","Vtime","Vload","yDelta"
197.176,0.24744,197.248,0.10463,0.14281
205.342,0.16692,205.408,0.03496,0.13196
278.374,0.26446,278.548,0,0.26453
