"Ptime","Pload","Vtime","Vload","yDelta"
272.058,0.19106,272.16,0.0145,0.17656
272.166,0.01578,272.19,0,0.03223
