"Ptime","Pload","Vtime","Vload","yDelta"
310.5,0.11977,310.548,0,0.12712
310.566,0.01494,310.59,0,0.02041
