"Ptime","Pload","Vtime","Vload","yDelta"
191.202,0.02971,191.22,0,0.03031
191.23801,0.02002,191.256,0.00439,0.01563
