"Ptime","Pload","Vtime","Vload","yDelta"
291.192,0.1626,291.234,2e-05,0.16258
291.246,0.01067,291.27,0,0.02511
