"Ptime","Pload","Vtime","Vload","yDelta"
289.458,0.13493,289.542,0,0.13735
289.626,0.01968,289.644,0.00655,0.01313
