"Ptime","Pload","Vtime","Vload","yDelta"
223.116,0.13559,223.188,0,0.13788
223.206,0.01429,223.23,0,0.02988
