"Ptime","Pload","Vtime","Vload","yDelta"
303.416,0.0338,303.464,0.01273,0.02107
400.208,0.06217,400.31,0.0071,0.05507
