"Ptime","Pload","Vtime","Vload","yDelta"
169.836,0.05935,169.92,0.01467,0.04468
210.504,0.07079,210.576,0.01325,0.05754
