"Ptime","Pload","Vtime","Vload","yDelta"
590.526,0.05629,590.604,0.00963,0.04666
627.726,0.03532,627.822,0.01064,0.02468
