"Ptime","Pload","Vtime","Vload","yDelta"
29.556,0.04168,29.628,0.01809,0.02359
120.048,0.45232,120.138,0.19688,0.25544
