"Ptime","Pload","Vtime","Vload","yDelta"
243.498,0.38914,243.606,0,0.4076
243.75,0.03107,243.78,0.00524,0.02583
