"Ptime","Pload","Vtime","Vload","yDelta"
352.302,0.14841,352.386,0.04343,0.10498
352.392,0.04585,352.416,0.0263,0.01955
