"Ptime","Pload","Vtime","Vload","yDelta"
325.116,0.03701,325.188,0.00582,0.03119
341.244,0.0283,341.352,0.00335,0.02495
726.012,0.12787,726.102,0.00685,0.12102
