"Ptime","Pload","Vtime","Vload"
235.368,0.15777,235.452,-0.00574
235.554,0.01859,235.578,0.00062
388.584,0.08377,388.656,0.01725
636.768,0.08447,636.81,-3e-05
636.828,0.00728,636.846,-0.0095
