"Ptime","Pload","Vtime","Vload"
20.202,0.11752,20.262,0.04629
38.526,0.16759,38.622,0.00866
68.772,0.08794,68.838,0.03328
69.186,0.0318,69.222,0.00673
