"Ptime","Pload","Vtime","Vload"
82.452,0.0745,82.506,0.02228
224.466,0.06531,224.514,0.01835
