"Ptime","Pload","Vtime","Vload"
352.302,0.14841,352.386,0.04343
352.392,0.04585,352.416,0.0263
