"Ptime","Pload","Vtime","Vload"
203.198,0.1473,203.258,0.00047
203.27,0.00816,203.288,-0.01911
