"Ptime","Pload","Vtime","Vload"
39.468,0.16,39.546,-0.00563
98.466,0.08437,98.55,0.0037
228.528,0.03611,228.57,0.01155
