"Ptime","Pload","Vtime","Vload","yDelta"
168.936,0.11699,169.098,0.03874,0.07825
283.86,0.14349,283.95,0.07106,0.07243
331.206,0.20997,331.32,0.00279,0.20718
