"Ptime","Pload","Vtime","Vload","yDelta"
151.242,0.08199,151.314,0.02526,0.05673
225.48,0.13247,225.558,0.01053,0.12194
