"Ptime","Pload","Vtime","Vload"
144.756,0.13368,145.02,0.05259
169.194,0.26669,169.338,0.16319
181.11,0.22376,181.242,0.16336
195.588,0.27846,195.648,0.16136
204.534,0.25659,204.618,0.10818
205.2,0.11036,205.278,0.03689
231.972,0.04428,232.062,0.00328
