"Ptime","Pload","Vtime","Vload"
159.45599,0.10476,159.528,0.06947
204.504,0.19062,204.588,0.06826
222.828,0.18596,222.972,0.12353
233.55,0.2045,233.68201,0.15609
279.32401,0.51888,279.396,0.34309
279.642,0.33742,279.798,-0.00466
