"Ptime","Pload","Vtime","Vload"
668.1,0.167,668.16,0.08885
668.166,0.0894,668.19,0.06993
675.312,0.10185,675.372,-0.00117
675.384,0.00744,675.408,-0.01263
