"Ptime","Pload","Vtime","Vload"
272.058,0.19106,272.16,0.0145
272.166,0.01578,272.19,-0.01645
