"Ptime","Pload","Vtime","Vload"
230.838,0.70682,230.886,-0.05748
231.036,0.00981,231.06,-0.00844
