"Ptime","Pload","Vtime","Vload"
289.458,0.13493,289.542,-0.00242
289.626,0.01968,289.644,0.00655
