"Ptime","Pload","Vtime","Vload"
310.5,0.11977,310.548,-0.00735
310.566,0.01494,310.59,-0.00547
