"Ptime","Pload","Vtime","Vload"
314.958,0.15181,315.066,0.04485
369.756,0.28852,369.84,0.22963
399.342,0.25116,399.414,0.12403
417.714,0.2076,417.828,0.07887
430.38,0.0671,430.47,0.00774
647.874,0.19255,647.964,0.00376
647.976,0.01705,648,-0.00956
