"Ptime","Pload","Vtime","Vload"
343.434,0.19577,343.536,0.0585
382.53,0.1368,382.578,0.01378
382.59,0.01804,382.614,-0.00733
453.504,0.02818,453.552,0.00436
