"Ptime","Pload","Vtime","Vload"
156.252,0.07341,156.342,-0.00668
156.36,0.00229,156.378,-0.01404
