"Ptime","Pload","Vtime","Vload"
218.53799,0.03851,218.592,0.01383
