"Ptime","Pload","Vtime","Vload"
213.618,0.10563,213.708,0.00365
262.104,0.1082,262.224,0.0044
407.712,0.23504,407.772,0.08306
407.784,0.09034,407.802,0.07952
409.194,0.09361,409.278,0.01194
409.284,0.01294,409.308,-0.00339
532.986,0.05548,533.07,-0.00018
