"Ptime","Pload","Vtime","Vload"
281.418,0.43916,281.52,0.31436
281.964,0.31425,282.072,0.13299
306.822,0.28947,306.882,0.18484
339.336,0.24205,339.402,0.11704
