"Ptime","Pload","Vtime","Vload"
185.616,0.1491,185.736,0.02732
218.814,0.15325,218.868,0.0275
218.916,0.02964,218.94,0.01432
218.958,0.02542,218.982,0.01092
254.976,0.14849,255.054,0.0266
270.708,0.13309,270.822,0.04473
321.108,0.08824,321.156,0.035
338.448,0.05483,338.526,0.01618
460.308,0.04396,460.356,0.00879
