"Ptime","Pload","Vtime","Vload"
168.936,0.11699,169.098,0.03874
231.306,0.20384,231.408,0.16758
283.86,0.14349,283.95,0.07106
331.206,0.20997,331.32,0.00279
331.338,0.01987,331.356,-0.00854
