"Ptime","Pload","Vtime","Vload"
201.354,0.07515,201.432,0.01816
206.922,0.03047,206.952,0.01556
