"Ptime","Pload","Vtime","Vload"
350.934,0.25015,351.018,0.18171
358.17,0.2354,358.236,0.00788
358.254,0.02278,358.272,-0.00761
