"Ptime","Pload","Vtime","Vload"
150.54,0.15955,150.624,0.12065
175.326,0.26425,175.434,0.00995
175.446,0.0231,175.464,0.00817
203.172,0.1443,203.292,0.03303
