"Ptime","Pload","Vtime","Vload"
229.044,0.97978,229.128,0.91206
287.592,1.54837,287.646,1.42992
292.272,1.4908,292.344,1.4381
303.516,1.60068,303.594,1.42059
313.422,1.56083,313.578,0.23618
313.584,0.24082,313.602,0.22302
