"Ptime","Pload","Vtime","Vload"
223.116,0.13559,223.188,-0.00229
223.206,0.01429,223.23,-0.01559
