"Ptime","Pload","Vtime","Vload"
175.98,0.12479,176.028,-0.002
176.046,0.00912,176.064,-0.01522
