"Ptime","Pload","Vtime","Vload"
193.332,0.06592,193.392,0.01275
282.03,0.09944,282.144,0.03847
283.296,0.04403,283.368,0.00953
