"Ptime","Pload","Vtime","Vload"
343.986,0.10269,344.076,-0.00194
367.476,0.06532,367.518,0.01068
367.524,0.01071,367.548,-0.00376
411.72,0.10012,411.876,-0.00316
