"Ptime","Pload","Vtime","Vload"
500.712,0.14787,500.886,0.06986
609.648,0.16484,609.69,0.01609
609.708,0.03009,609.726,0.00509
