"Ptime","Pload","Vtime","Vload"
190.296,0.46505,190.422,0.3764
198.588,0.39403,198.762,0.29823
248.952,0.45046,249.06,0.01684
