"Ptime","Pload","Vtime","Vload"
168.672,0.07371,168.714,0.00394
168.732,0.01134,168.75,-0.00216
208.338,0.07802,208.404,0.02227
229.644,0.04151,229.71,0.00578
