"Ptime","Pload","Vtime","Vload"
329.466,0.17195,329.586,0.02304
360.12,0.10134,360.174,0.00306
360.18,0.0062,360.204,-0.01674
