"Ptime","Pload","Vtime","Vload"
216.984,0.1311,217.122,0.00677
217.128,0.00727,217.152,-0.01614
