"Ptime","Pload","Vtime","Vload"
173.04,0.15956,173.106,0.00272
218.88,0.11883,218.952,0.0832
224.07,0.0675,224.172,0.01584
292.638,0.10329,292.74,0.02009
329.046,0.05752,329.112,-0.00088
