"Ptime","Pload","Vtime","Vload"
237.942,0.10374,238.014,0.01812
238.026,0.0241,238.044,0.00938
494.898,0.10541,495.036,0.03276
495.954,0.04914,495.984,0.02143
