"Ptime","Pload","Vtime","Vload"
173.31,0.10362,173.418,0.02372
173.43,0.02797,173.448,0.0111
