"Ptime","Pload","Vtime","Vload"
167.142,0.08588,167.238,0.0147
200.94,0.0459,200.988,-0.00044
305.658,0.13672,305.706,-0.00668
305.718,0.00891,305.748,-0.02131
