"Ptime","Pload","Vtime","Vload"
278.616,0.08273,278.658,-0.00093
278.676,0.00567,278.7,-0.01567
