"Ptime","Pload","Vtime","Vload"
269.49,0.0572,269.55,0.00057
269.556,0.00127,269.58,-0.01363
