"Ptime","Pload","Vtime","Vload"
175.326,0.35752,175.392,0.2278
184.014,0.30765,184.182,0.23086
187.848,0.24616,187.944,0.06438
218.64,0.3059,218.73,0.22169
241.548,0.38886,241.608,0.32496
250.476,0.38253,250.596,0.18708
266.502,0.31048,266.67,-0.00503
266.682,0.01894,266.706,-0.02867
