"Ptime","Pload","Vtime","Vload"
190.782,1.49282,191.106,-0.10661
191.12399,0.00814,191.142,-0.0584
191.202,0.02971,191.22,-6e-04
191.23801,0.02002,191.256,0.00439
