"Ptime","Pload","Vtime","Vload"
153.378,0.23514,153.486,-0.01247
222.792,0.33378,222.876,0.16942
233.784,0.25236,233.832,0.01481
233.844,0.01648,233.868,-0.01947
234.012,0.01324,234.036,-0.00208
351.414,0.13624,351.51,0.0998
365.058,0.15342,365.19,0.05408
370.668,0.07291,370.734,0.00836
370.746,0.01133,370.77,-0.00448
