"Ptime","Pload","Vtime","Vload"
151.62,0.28788,151.704,0.18295
165.534,0.23149,165.624,0.10771
175.218,0.139,175.278,0.10363
178.038,0.12238,178.128,0.05459
258.864,0.36069,258.972,0.02306
305.658,0.28091,305.718,0.15469
327.456,0.24299,327.576,0.02606
327.582,0.02612,327.606,-0.0105
