"Ptime","Pload","Vtime","Vload"
149.268,0.12789,149.358,0.02659
166.632,0.19025,166.686,0.15999
180.672,0.27213,180.738,0.04612
206.298,0.23177,206.394,0.09239
213.534,0.19814,213.612,0.10179
222.54,0.16805,222.636,0.00183
242.436,0.11027,242.52,0.05615
255.936,0.09181,256.008,0.01284
