"Ptime","Pload","Vtime","Vload"
334.302,0.08767,334.35,-0.00423
334.362,0.00443,334.386,-0.0169
