"Ptime","Pload","Vtime","Vload"
233.514,0.10749,233.682,0.02626
233.688,0.0266,233.718,0.00498
