"Ptime","Pload","Vtime","Vload"
260.026,0.21581,260.098,-0.02206
260.116,0.00309,260.134,-0.00954
260.218,0.00907,260.242,-0.00467
