"Ptime","Pload","Vtime","Vload"
315.834,0.35865,315.96,0.24573
316.05,0.25695,316.134,0.10894
331.296,0.21558,331.356,0.16676
355.944,0.28459,356.022,0.20535
361.656,0.2258,361.758,0.04653
414.894,0.12137,414.966,5e-05
414.978,0.00832,415.002,-0.01442
