"Ptime","Pload","Vtime","Vload"
151.242,0.08199,151.314,0.02526
225.48,0.13247,225.558,0.01053
225.57,0.0175,225.594,-0.01095
