"Ptime","Pload","Vtime","Vload"
195.552,0.04747,195.636,0.01732
362.262,0.18525,362.43,0.00394
426.588,0.12713,426.654,-0.00249
426.666,0.00524,426.69,-0.02206
