"Ptime","Pload","Vtime","Vload"
590.526,0.05629,590.604,0.00963
627.726,0.03532,627.822,0.01064
