"Ptime","Pload","Vtime","Vload"
243.498,0.38914,243.606,-0.01846
243.75,0.03107,243.78,0.00524
