"Ptime","Pload","Vtime","Vload"
282.21,0.0747,282.258,-0.00847
282.276,0.00334,282.294,-0.01352
