"Ptime","Pload","Vtime","Vload"
145.974,0.36301,146.058,0.18262
159.126,0.22853,159.21,0.00642
244.182,0.20196,244.254,-0.00729
244.272,0.01318,244.29,-0.00252
385.26,0.11461,385.35,0.01496
385.356,0.01575,385.374,-0.00106
