"Ptime","Pload","Vtime","Vload"
292.44,0.58012,292.506,0.52397
307.818,0.63749,307.896,0.37205
307.908,0.38714,307.92,0.36971
310.908,0.38956,311.052,0.02361
311.142,0.06365,311.16,0.04663
383.73,0.25737,383.838,0.1074
428.694,0.34096,428.766,0.2749
451.776,0.41339,451.86,0.36776
463.284,0.44118,463.374,0.25923
463.386,0.26414,463.398,0.25215
472.992,0.30919,473.13,0.21927
478.362,0.2377,478.428,0.11805
495.888,0.17036,495.996,0.0334
496.002,0.0371,496.026,0.01531
